_id,firstname,lastname,email,company,age
5faf9cbf0cbc5a31485f1465,Sioux,Roundtree,sroundtree0@mlb.com,5faf89d71a62fe3f7cd9637f,32
5faf9cbf0cbc5a31485f1466,Rosemonde,Icom,ricom1@hp.com,5faf89d71a62fe3f7cd9637f,23
5faf9cbf0cbc5a31485f1467,Norton,Trotter,ntrotter2@omniture.com,5faf89d71a62fe3f7cd9637f,34
5faf9cbf0cbc5a31485f1468,Hillary,Randlesome,hrandlesome3@google.com.au,5faf89d71a62fe3f7cd9637f,35
5faf9cbf0cbc5a31485f1469,Nataniel,Worgan,nworgan4@dion.ne.jp,5faf89d71a62fe3f7cd9637f,36
5faf9cbf0cbc5a31485f146a,Cristian,Maryska,cmaryska5@economist.com,5faf8b591a62fe3f7cd96407,37
5faf9cbf0cbc5a31485f146b,Richard,Fallow,rfallow6@cbsnews.com,5faf8b591a62fe3f7cd96407,38
5faf9cbf0cbc5a31485f146c,Granger,Carleton,gcarleton7@so-net.ne.jp,5faf8b291a62fe3f7cd963ed,38
5faf9cbf0cbc5a31485f146d,Jorie,Sneezum,jsneezum8@accuweather.com,5faf8b291a62fe3f7cd963ed,39
5faf9cbf0cbc5a31485f146e,Gabey,Beaten,gbeaten9@statcounter.com,5faf8b291a62fe3f7cd963ed,40
5faf9cbf0cbc5a31485f146f,Elvis,Shenton,eshentona@craigslist.org,5faf8af51a62fe3f7cd963d7,41
5faf9cbf0cbc5a31485f1470,Jaquith,Dellenbrok,jdellenbrokb@sourceforge.net,5faf8af51a62fe3f7cd963d7,42
5faf9cbf0cbc5a31485f1471,Grethel,MacAne,gmacanec@prnewswire.com,5faf8af51a62fe3f7cd963d7,43
5faf9cbf0cbc5a31485f1472,Sheilakathryn,Loughton,sloughtond@weebly.com,5faf8ab31a62fe3f7cd963c1,44
5faf9cbf0cbc5a31485f1473,Wildon,Chestnut,wchestnute@tmall.com,5faf8a541a62fe3f7cd963a3,45
5faf9cbf0cbc5a31485f1474,Andros,Acock,aacockf@dyndns.org,5faf8ab31a62fe3f7cd963c1,46
5faf9cbf0cbc5a31485f1475,Reina,Sandels,rsandelsg@psu.edu,5faf8a541a62fe3f7cd963a3,47
5faf9cbf0cbc5a31485f1476,Ricca,Redwall,rredwallh@patch.com,5faf8ab31a62fe3f7cd963c1,48
5faf9cbf0cbc5a31485f1477,Moll,Studman,mstudmani@facebook.com,5faf8a541a62fe3f7cd963a3,49
5faf9cbf0cbc5a31485f1478,Buddie,Kingshott,bkingshottj@xinhuanet.com,5faf8a541a62fe3f7cd963a3,50
5faf9cbf0cbc5a31485f1479,Anabal,Hegarty,ahegartyk@hugedomains.com,5faf8a181a62fe3f7cd9638f,51
5faf9cbf0cbc5a31485f147a,Cole,Broune,cbrounel@prnewswire.com,5faf8a181a62fe3f7cd9638f,52
5faf9cbf0cbc5a31485f147b,Isabella,Czajka,iczajkam@hud.gov,5faf8a181a62fe3f7cd9638f,24
5faf9cbf0cbc5a31485f147c,Quinton,Hagan,qhagann@abc.net.au,5faf8b591a62fe3f7cd96407,43
5faf9cbf0cbc5a31485f147d,Dame,Gero,dgeroo@joomla.org,5faf89d71a62fe3f7cd9637f,26
5fb136eccd03a60e10567747,Nishant,Patel,45,npatel26017@gmail.com,5faf8af51a62fe3f7cd963d7,0